{
    "vertices":[
                -0.5, 0.5, 0.5,
                -0.5, -0.5, 0.5,
                0.5, 0.5, 0.5,
                -0.5, -0.5, 0.5,
                0.5, -0.5, 0.5,
                0.5, 0.5, 0.5,
                0.5, 0.5, 0.5,
                0.5, -0.5, 0.5,
                0.5, 0.5, -0.5,
                0.5, -0.5, 0.5,
                0.5, -0.5, -0.5,
                0.5, 0.5, -0.5,
                0.5, 0.5, -0.5,
                0.5, -0.5, -0.5,
                -0.5, 0.5, -0.5,
                0.5, -0.5, -0.5,
                -0.5, -0.5, -0.5,
                -0.5, 0.5, -0.5,
                -0.5, 0.5, -0.5,
                -0.5, -0.5, -0.5,
                -0.5, 0.5, 0.5,
                -0.5, -0.5, -0.5,
                -0.5, -0.5, 0.5,
                -0.5, 0.5, 0.5,
                -0.5, 0.5, -0.5,
                -0.5, 0.5, 0.5,
                0.5, 0.5, -0.5,
                -0.5, 0.5, 0.5,
                0.5, 0.5, 0.5,
                0.5, 0.5, -0.5,
                0.5, -0.5, -0.5,
                0.5, -0.5, 0.5,
                -0.5, -0.5, -0.5,
                0.5, -0.5, 0.5,
                -0.5, -0.5, 0.5,
                -0.5, -0.5, -0.5
    ],
    "colors": [
               0.0, 0.5273, 0.2656, 1.0,
               0.0, 0.5273, 0.2656, 1.0,
               0.0, 0.5273, 0.2656, 1.0,
               0.0, 0.5273, 0.2656, 1.0,
               0.0, 0.5273, 0.2656, 1.0,
               0.0, 0.5273, 0.2656, 1.0,
               0.0, 0.3398, 0.9023, 1.0,
               0.0, 0.3398, 0.9023, 1.0,
               0.0, 0.3398, 0.9023, 1.0,
               0.0, 0.3398, 0.9023, 1.0,
               0.0, 0.3398, 0.9023, 1.0,
               0.0, 0.3398, 0.9023, 1.0,
               0.0, 0.5273, 0.2656, 1.0,
               0.0, 0.5273, 0.2656, 1.0,
               0.0, 0.5273, 0.2656, 1.0,
               0.0, 0.5273, 0.2656, 1.0,
               0.0, 0.5273, 0.2656, 1.0,
               0.0, 0.5273, 0.2656, 1.0,
               0.0, 0.3398, 0.9023, 1.0,
               0.0, 0.3398, 0.9023, 1.0,
               0.0, 0.3398, 0.9023, 1.0,
               0.0, 0.3398, 0.9023, 1.0,
               0.0, 0.3398, 0.9023, 1.0,
               0.0, 0.3398, 0.9023, 1.0,
               0.8359375, 0.17578125, 0.125, 1.0,
               0.8359375, 0.17578125, 0.125, 1.0,
               0.8359375, 0.17578125, 0.125, 1.0,
               0.8359375, 0.17578125, 0.125, 1.0,
               0.8359375, 0.17578125, 0.125, 1.0,
               0.8359375, 0.17578125, 0.125, 1.0,
               0.8359375, 0.17578125, 0.125, 1.0,
               0.8359375, 0.17578125, 0.125, 1.0,
               0.8359375, 0.17578125, 0.125, 1.0,
               0.8359375, 0.17578125, 0.125, 1.0,
               0.8359375, 0.17578125, 0.125, 1.0,
               0.8359375, 0.17578125, 0.125, 1.0
    ],
    "foundColors": [
                    1.0, 0.6523, 0.0, 1.0,
                    1.0, 0.6523, 0.0, 1.0,
                    1.0, 0.6523, 0.0, 1.0,
                    1.0, 0.6523, 0.0, 1.0,
                    1.0, 0.6523, 0.0, 1.0,
                    1.0, 0.6523, 0.0, 1.0,
                    1.0, 0.6523, 0.0, 1.0,
                    1.0, 0.6523, 0.0, 1.0,
                    1.0, 0.6523, 0.0, 1.0,
                    1.0, 0.6523, 0.0, 1.0,
                    1.0, 0.6523, 0.0, 1.0,
                    1.0, 0.6523, 0.0, 1.0,
                    1.0, 0.6523, 0.0, 1.0,
                    1.0, 0.6523, 0.0, 1.0,
                    1.0, 0.6523, 0.0, 1.0,
                    1.0, 0.6523, 0.0, 1.0,
                    1.0, 0.6523, 0.0, 1.0,
                    1.0, 0.6523, 0.0, 1.0,
                    1.0, 0.6523, 0.0, 1.0,
                    1.0, 0.6523, 0.0, 1.0,
                    1.0, 0.6523, 0.0, 1.0,
                    1.0, 0.6523, 0.0, 1.0,
                    1.0, 0.6523, 0.0, 1.0,
                    1.0, 0.6523, 0.0, 1.0,
                    1.0, 0.6523, 0.0, 1.0,
                    1.0, 0.6523, 0.0, 1.0,
                    1.0, 0.6523, 0.0, 1.0,
                    1.0, 0.6523, 0.0, 1.0,
                    1.0, 0.6523, 0.0, 1.0,
                    1.0, 0.6523, 0.0, 1.0,
                    1.0, 0.6523, 0.0, 1.0,
                    1.0, 0.6523, 0.0, 1.0,
                    1.0, 0.6523, 0.0, 1.0,
                    1.0, 0.6523, 0.0, 1.0,
                    1.0, 0.6523, 0.0, 1.0,
                    1.0, 0.6523, 0.0, 1.0
    ]
}
